"#","Company","Primary area","Why it matters"
"3","Canva","Design platform with AI creative tools","#3 of a16z's Top 50 Consumer AI Apps by monthly revenue (YipitData), which you sent on 2026-10-07"
"4","Superhuman / Grammarly","AI writing assistant and email; Grammarly's company renamed Superhuman","#4 of a16z's Top 50 Consumer AI Apps by monthly revenue (YipitData), which you sent on 2026-10-07"
"12","OpenArt","AI image and video creation","#12 of a16z's Top 50 Consumer AI Apps by monthly revenue (YipitData), which you sent on 2026-10-07"
"13","OpenRouter","One API to many AI models; a model marketplace","#13 of a16z's Top 50 Consumer AI Apps by monthly revenue (YipitData), which you sent on 2026-10-07"
"14","Otter.ai","AI meeting notes and transcription","#14 of a16z's Top 50 Consumer AI Apps by monthly revenue (YipitData), which you sent on 2026-10-07"
"15","Figma","Collaborative design tools","#15 of a16z's Top 50 Consumer AI Apps by monthly revenue (YipitData), which you sent on 2026-10-07"
"16","PLAUD","AI voice recorder and note taker","#16 of a16z's Top 50 Consumer AI Apps by monthly revenue (YipitData), which you sent on 2026-10-07"
"17","Notion / Notion Labs","Workspace and AI productivity","#17 of a16z's Top 50 Consumer AI Apps by monthly revenue (YipitData), which you sent on 2026-10-07"
"18","Reface","AI face and video effects app","#18 of a16z's Top 50 Consumer AI Apps by monthly revenue (YipitData), which you sent on 2026-10-07"
"19","Manus","General AI agent","#19 of a16z's Top 50 Consumer AI Apps by monthly revenue (YipitData), which you sent on 2026-10-07"
"20","Speechify","Text to speech","#20 of a16z's Top 50 Consumer AI Apps by monthly revenue (YipitData), which you sent on 2026-10-07"
"22","Zeely","Consumer AI app","#22 of a16z's Top 50 Consumer AI Apps by monthly revenue (YipitData), which you sent on 2026-10-07"
"24","Jumpspeak","AI language learning","#24 of a16z's Top 50 Consumer AI Apps by monthly revenue (YipitData), which you sent on 2026-10-07"
"26","Kling AI","AI video generation","#26 of a16z's Top 50 Consumer AI Apps by monthly revenue (YipitData), which you sent on 2026-10-07"
"27","Topaz Labs","AI photo and video enhancement","#27 of a16z's Top 50 Consumer AI Apps by monthly revenue (YipitData), which you sent on 2026-10-07"
"28","invideo","AI video creation","#28 of a16z's Top 50 Consumer AI Apps by monthly revenue (YipitData), which you sent on 2026-10-07"
"29","TopView","AI video creation","#29 of a16z's Top 50 Consumer AI Apps by monthly revenue (YipitData), which you sent on 2026-10-07"
"30","Gamma","AI presentations, documents and sites","#30 of a16z's Top 50 Consumer AI Apps by monthly revenue (YipitData), which you sent on 2026-10-07"
"31","Meshy","AI 3D model generation","#31 of a16z's Top 50 Consumer AI Apps by monthly revenue (YipitData), which you sent on 2026-10-07"
"32","QuillBot","AI paraphrasing and writing","#32 of a16z's Top 50 Consumer AI Apps by monthly revenue (YipitData), which you sent on 2026-10-07"
"33","NovelAI","AI storytelling and image generation","#33 of a16z's Top 50 Consumer AI Apps by monthly revenue (YipitData), which you sent on 2026-10-07"
"34","JustDone","AI writing","#34 of a16z's Top 50 Consumer AI Apps by monthly revenue (YipitData), which you sent on 2026-10-07"
"35","Fireflies.ai","AI meeting notes","#35 of a16z's Top 50 Consumer AI Apps by monthly revenue (YipitData), which you sent on 2026-10-07"
"36","Sudowrite","AI fiction writing","#36 of a16z's Top 50 Consumer AI Apps by monthly revenue (YipitData), which you sent on 2026-10-07"
"37","Jasper / Jasper AI","AI marketing content","#37 of a16z's Top 50 Consumer AI Apps by monthly revenue (YipitData), which you sent on 2026-10-07"
"40","Genspark","AI agent and search","#40 of a16z's Top 50 Consumer AI Apps by monthly revenue (YipitData), which you sent on 2026-10-07"
"41","Evoto","AI photo editing for photographers","#41 of a16z's Top 50 Consumer AI Apps by monthly revenue (YipitData), which you sent on 2026-10-07"
"43","Beautiful.ai","AI presentations","#43 of a16z's Top 50 Consumer AI Apps by monthly revenue (YipitData), which you sent on 2026-10-07"
"45","n8n","Workflow automation with AI agents","#45 of a16z's Top 50 Consumer AI Apps by monthly revenue (YipitData), which you sent on 2026-10-07"
"47","FaceApp","AI face editing app","#47 of a16z's Top 50 Consumer AI Apps by monthly revenue (YipitData), which you sent on 2026-10-07"
"48","Moises","AI music separation and practice","#48 of a16z's Top 50 Consumer AI Apps by monthly revenue (YipitData), which you sent on 2026-10-07"
"50","Nous Research","Open source AI models","#50 of a16z's Top 50 Consumer AI Apps by monthly revenue (YipitData), which you sent on 2026-10-07"
